{
    "controllers": {
        "@symfony/ux-chartjs": {
            "chart": {
                "enabled": true,
                "fetch": "eager"
            }
        },
        "@symfony/ux-dropzone": {
            "dropzone": {
                "enabled": true,
                "fetch": "eager",
                "autoimport": {
                    "@symfony/ux-dropzone/dist/style.min.css": true
                }
            }
        },
        "@symfony/ux-swup": {
            "swup": {
                "enabled": true,
                "fetch": "eager"
            }
        },
        "@symfony/ux-turbo": {
            "turbo-core": {
                "enabled": false,
                "fetch": "eager"
            },
            "mercure-turbo-stream": {
                "enabled": false,
                "fetch": "eager"
            }
        }
    },
    "entrypoints": []
}
